name,code_dept
DREAL Auvergne-Rhône-Alpes - Biométhane,01
DREAL Auvergne-Rhône-Alpes - Biométhane,03
DREAL Auvergne-Rhône-Alpes - Biométhane,07
DREAL Auvergne-Rhône-Alpes - Biométhane,15
DREAL Auvergne-Rhône-Alpes - Biométhane,26
DREAL Auvergne-Rhône-Alpes - Biométhane,38
DREAL Auvergne-Rhône-Alpes - Biométhane,42
DREAL Auvergne-Rhône-Alpes - Biométhane,43
DREAL Auvergne-Rhône-Alpes - Biométhane,63
DREAL Auvergne-Rhône-Alpes - Biométhane,69
DREAL Auvergne-Rhône-Alpes - Biométhane,73
DREAL Auvergne-Rhône-Alpes - Biométhane,74
DREAL Bourgogne-Franche-Comté - Biométhane,21
DREAL Bourgogne-Franche-Comté - Biométhane,25
DREAL Bourgogne-Franche-Comté - Biométhane,39
DREAL Bourgogne-Franche-Comté - Biométhane,58
DREAL Bourgogne-Franche-Comté - Biométhane,70
DREAL Bourgogne-Franche-Comté - Biométhane,71
DREAL Bourgogne-Franche-Comté - Biométhane,89
DREAL Bourgogne-Franche-Comté - Biométhane,90
DREAL Bretagne - Biométhane,22
DREAL Bretagne - Biométhane,29
DREAL Bretagne - Biométhane,35
DREAL Bretagne - Biométhane,56
DREAL Centre-Val de Loire - Biométhane,18
DREAL Centre-Val de Loire - Biométhane,28
DREAL Centre-Val de Loire - Biométhane,36
DREAL Centre-Val de Loire - Biométhane,37
DREAL Centre-Val de Loire - Biométhane,41
DREAL Centre-Val de Loire - Biométhane,45
DREAL Corse - Biométhane,2A
DREAL Corse - Biométhane,2B
DREAL Grand Est - Biométhane,08
DREAL Grand Est - Biométhane,10
DREAL Grand Est - Biométhane,51
DREAL Grand Est - Biométhane,52
DREAL Grand Est - Biométhane,54
DREAL Grand Est - Biométhane,55
DREAL Grand Est - Biométhane,57
DREAL Grand Est - Biométhane,67
DREAL Grand Est - Biométhane,68
DREAL Grand Est - Biométhane,88
DREAL Hauts-de-France - Biométhane,02
DREAL Hauts-de-France - Biométhane,59
DREAL Hauts-de-France - Biométhane,60
DREAL Hauts-de-France - Biométhane,62
DREAL Hauts-de-France - Biométhane,80
DREAL Normandie - Biométhane,14
DREAL Normandie - Biométhane,27
DREAL Normandie - Biométhane,50
DREAL Normandie - Biométhane,61
DREAL Normandie - Biométhane,76
DREAL Nouvelle-Aquitaine - Biométhane,16
DREAL Nouvelle-Aquitaine - Biométhane,17
DREAL Nouvelle-Aquitaine - Biométhane,19
DREAL Nouvelle-Aquitaine - Biométhane,23
DREAL Nouvelle-Aquitaine - Biométhane,24
DREAL Nouvelle-Aquitaine - Biométhane,33
DREAL Nouvelle-Aquitaine - Biométhane,40
DREAL Nouvelle-Aquitaine - Biométhane,47
DREAL Nouvelle-Aquitaine - Biométhane,64
DREAL Nouvelle-Aquitaine - Biométhane,79
DREAL Nouvelle-Aquitaine - Biométhane,86
DREAL Nouvelle-Aquitaine - Biométhane,87
DREAL Occitanie - Biométhane,09
DREAL Occitanie - Biométhane,11
DREAL Occitanie - Biométhane,12
DREAL Occitanie - Biométhane,30
DREAL Occitanie - Biométhane,31
DREAL Occitanie - Biométhane,32
DREAL Occitanie - Biométhane,34
DREAL Occitanie - Biométhane,46
DREAL Occitanie - Biométhane,48
DREAL Occitanie - Biométhane,65
DREAL Occitanie - Biométhane,66
DREAL Occitanie - Biométhane,81
DREAL Occitanie - Biométhane,82
DREAL Pays de la Loire - Biométhane,44
DREAL Pays de la Loire - Biométhane,49
DREAL Pays de la Loire - Biométhane,53
DREAL Pays de la Loire - Biométhane,72
DREAL Pays de la Loire - Biométhane,85
DREAL Provence-Alpes-Côte d'Azur - Biométhane,04
DREAL Provence-Alpes-Côte d'Azur - Biométhane,05
DREAL Provence-Alpes-Côte d'Azur - Biométhane,06
DREAL Provence-Alpes-Côte d'Azur - Biométhane,13
DREAL Provence-Alpes-Côte d'Azur - Biométhane,83
DREAL Provence-Alpes-Côte d'Azur - Biométhane,84
DRIEAT Île-de-France - Biométhane,75
DRIEAT Île-de-France - Biométhane,77
DRIEAT Île-de-France - Biométhane,78
DRIEAT Île-de-France - Biométhane,91
DRIEAT Île-de-France - Biométhane,92
DRIEAT Île-de-France - Biométhane,93
DRIEAT Île-de-France - Biométhane,94
DRIEAT Île-de-France - Biométhane,95