code_pays;name_fr;name_en;is_in_europe
N/A;N/A;N/A;0
AD;Andorre;Andorra;0
AE;Émirats arabes unis;United Arab Emirates;0
AF;Afghanistan;0
AG;Antigua-et-Barbuda;Antigua and Barbuda;0
AI;Anguilla;0
AL;Albanie;Albania;0
AM;Arménie;Armenia;0
AO;Angola;0
AQ;Antarctique;Antarctica;0
AR;Argentine;Argentina;0
AS;Samoa américaines;American Samoa;0
AT;Autriche;Austria;1
AU;Australie;Australia;0
AW;Aruba;0
AX;Îles Åland;Åland Islands;0
AZ;Azerbaïdjan;Azerbaijan;0
BA;Bosnie-Herzégovine;Bosnia and Herzegovina;0
BB;Barbade;Barbados;0
BD;Bangladesh;0
BE;Belgique;Belgium;1
BF;Burkina Faso;0
BG;Bulgarie;Bulgaria;1
BH;Bahreïn;Bahrain;0
BI;Burundi;0
BJ;Bénin;Benin;0
BL;Saint-Barthélemy;Saint Barthélemy;0
BM;Bermudes;Bermuda;0
BN;Brunei Darussalam;0
BO;Bolivie;Bolivia;0
BQ;Bonaire, Saint-Eustache et Saba;Bonaire, Sint Eustatius and Saba;0
BR;Brésil;Brazil;0
BS;Bahamas;0
BT;Bhoutan;Bhutan;0
BV;Île Bouvet;Bouvet Island;0
BW;Botswana;0
BY;Bélarus;Belarus;0
BZ;Belize;0
CA;Canada;0
CC;Îles Cocos (Keeling);Cocos (Keeling) Islands;0
CD;Congo-Kinshasa;0
CF;République centrafricaine;Central African Republic;0
CG;Congo-Brazzaville;0
CH;Suisse;Switzerland;0
CI;Côte d'Ivoire;Côte d'Ivoire;0
CK;Îles Cook;Cook Islands;0
CL;Chili;Chile;0
CM;Cameroun;Cameroon;0
CN;Chine;China;0
CO;Colombie;Colombia;0
CR;Costa Rica;0
CU;Cuba;0
CV;Cap-Vert;Cape Verde;0
CW;Curaçao;0
CX;Île Christmas;Christmas Island;0
CY;Chypre;Cyprus;1
CZ;République tchèque;Czech Republic;1
DE;Allemagne;Germany;1
DJ;Djibouti;0
DK;Danemark;Denmark;1
DM;Dominique;Dominica;0
DO;République dominicaine;Dominican Republic;0
DZ;Algérie;Algeria;0
EC;Équateur;Ecuador;0
EE;Estonie;Estonia;1
EG;Égypte;Egypt;0
EH;Sahara occidental;Western Sahara;0
ER;Érythrée;Eritrea;0
ES;Espagne;Spain;1
ET;Éthiopie;Ethiopia;0
FI;Finlande;Finland;1
FJ;Fidji;Fiji;0
FK;Îles Falkland (Malvinas);Falkland Islands (Malvinas);0
FM;États fédérés de Micronésie;Federated States of Micronesia;0
FO;Îles Féroé;Faroe Islands;0
FR;France;0
GA;Gabon;0
GB;Royaume-Uni;United Kingdom;0
GD;Grenade;Grenada;0
GE;Géorgie;Georgia;0
GF;Guyane française;French Guiana;0
GG;Guernesey;Guernsey;0
GH;Ghana;0
GI;Gibraltar;0
GL;Groenland;Greenland;0
GM;Gambie;Gambia;0
GN;Guinée;Guinea;0
GP;Guadeloupe;0
GQ;Guinée équatoriale;Equatorial Guinea;0
GR;Grèce;Greece;1
GS;Géorgie du Sud-et-les Îles Sandwich du Sud;South Georgia and the South Sandwich Islands;0
GT;Guatemala;0
GU;Guam;0
GW;Guinée-Bissau;Guinea-Bissau;0
GY;Guyana;0
HK;Hong Kong;0
HM;Île Heard-et-Îles MacDonald;Heard Island and McDonald Islands;0
HN;Honduras;0
HR;Croatie;Croatia;1
HT;Haïti;Haiti;0
HU;Hongrie;Hungary;1
ID;Indonésie;Indonesia;0
IE;Irlande;Ireland;1
IL;Israël;Israel;0
IM;Île de Man;Isle of Man;0
IN;Inde;India;0
IO;Territoire britannique de l'océan Indien;British Indian Ocean Territory;0
IQ;Iraq;0
IR;Iran;0
IS;Islande;Iceland;0
IT;Italie;Italy;1
JE;Jersey;0
JM;Jamaïque;Jamaica;0
JO;Jordanie;Jordan;0
JP;Japon;Japan;0
KE;Kenya;0
KG;Kirghizistan;Kyrgyzstan;0
KH;Cambodge;Cambodia;0
KI;Kiribati;0
KM;Comores;Comoros;0
KN;Saint-Kitts-et-Nevis;Saint Kitts and Nevis;0
KP;Corée du Nord;North Korea;0
KR;Corée du Sud;South Korea;0
KW;Koweït;Kuwait;0
KY;Îles Caïmans;Cayman Islands;0
KZ;Kazakhstan;0
LA;Laos;0
LB;Liban;Lebanon;0
LC;Sainte-Lucie;Saint Lucia;0
LI;Liechtenstein;0
LK;Sri Lanka;0
LR;Libéria;Liberia;0
LS;Lesotho;0
LT;Lituanie;Lithuania;1
LU;Luxembourg;1
LV;Lettonie;Latvia;1
LY;Libye;Libya;0
MA;Maroc;Morocco;0
MC;Monaco;0
MD;Moldova;0
ME;Monténégro;Montenegro;0
MF;Saint-Martin (partie française);Saint Martin (French part);0
MG;Madagascar;0
MH;Îles Marshall;Marshall Islands;0
MK;Macédoine (ERYDM);Macedonia (FYROM);0
ML;Mali;0
MM;Myanmar;0
MN;Mongolie;Mongolia;0
MO;Macao;0
MP;Îles Mariannes du Nord;Northern Mariana Islands;0
MQ;Martinique;0
MR;Mauritanie;Mauritania;0
MS;Montserrat;0
MT;Malte;Malta;1
MU;Maurice;Mauritius;0
MV;Maldives;0
MW;Malawi;0
MX;Mexique;Mexico;0
MY;Malaisie;Malaysia;0
MZ;Mozambique;0
NA;Namibie;Namibia;0
NC;Nouvelle-Calédonie;New Caledonia;0
NE;Niger;0
NF;Île Norfolk;Norfolk Island;0
NG;Nigéria;Nigeria;0
NI;Nicaragua;0
NL;Pays-Bas;Netherlands;1
NO;Norvège;Norway;0
NP;Népal;Nepal;0
NR;Nauru;0
NU;Niue;0
NZ;Nouvelle-Zélande;New Zealand;0
OM;Oman;0
PA;Panama;0
PE;Pérou;Peru;0
PF;Polynésie française;French Polynesia;0
PG;Papouasie-Nouvelle-Guinée;Papua New Guinea;0
PH;Philippines;0
PK;Pakistan;0
PL;Pologne;Poland;1
PM;Saint-Pierre-et-Miquelon;Saint Pierre and Miquelon;0
PN;Pitcairn;0
PR;Porto Rico;Puerto Rico;0
PS;Territoire palestinien occupé;Occupied Palestinian Territory;0
PT;Portugal;1
PW;Palaos;Palau;0
PY;Paraguay;0
QA;Qatar;0
RE;Réunion;0
RO;Roumanie;Romania;1
RS;Serbie;Serbia;0
RU;Russie;Russia;0
RW;Rwanda;0
SA;Arabie saoudite;Saudi Arabia;0
SB;Îles Salomon;Solomon Islands;0
SC;Seychelles;0
SD;Soudan;Sudan;0
SE;Suède;Sweden;1
SG;Singapour;Singapore;0
SH;Sainte-Hélène;Saint Helena;0
SI;Slovénie;Slovenia;0
SJ;Svalbard et Île Jan Mayen;Svalbard and Jan Mayen;0
SK;Slovaquie;Slovakia;1
SL;Sierra Leone;0
SM;Saint-Marin;San Marino;0
SN;Sénégal;Senegal;0
SO;Somalie;Somalia;0
SR;Suriname;0
SS;Soudan du Sud;South Sudan;0
ST;Sao Tomé-et-Principe;Sao Tome and Principe;0
SV;El Salvador;0
SX;Saint-Martin (partie néerlandaise);Sint Maarten (Dutch part);0
SY;Syrie;Syria;0
SZ;Swaziland;0
TC;Îles Turks-et-Caïcos;Turks and Caicos Islands;0
TD;Tchad;Chad;0
TF;Terres australes françaises;French Southern Territories;0
TG;Togo;0
TH;Thaïlande;Thailand;0
TJ;Tadjikistan;Tajikistan;0
TK;Tokelau;0
TL;Timor-Leste;0
TM;Turkménistan;Turkmenistan;0
TN;Tunisie;Tunisia;0
TO;Tonga;0
TR;Turquie;Turkey;0
TT;Trinité-et-Tobago;Trinidad and Tobago;0
TV;Tuvalu;0
TW;Taïwan;Taiwan;0
TZ;Tanzanie;Tanzania;0
UA;Ukraine;0
UG;Ouganda;Uganda;0
UM;Îles mineures éloignées des États-Unis;United States Minor Outlying Islands;0
US;États-Unis;United States;0
UY;Uruguay;0
UZ;Ouzbékistan;Uzbekistan;0
VA;État de la Cité du Vatican;Vatican City State;0
VC;Saint-Vincent-et-les Grenadines;Saint Vincent and the Grenadines;0
VE;Venezuela;0
VG;Îles Vierges britanniques;British Virgin Islands;0
VI;Îles Vierges des États-Unis;U.S. Virgin Islands;0
VN;Viet Nam;0
VU;Vanuatu;0
WF;Wallis-et-Futuna;Wallis and Futuna;0
WS;Samoa;0
XK;Kosovo;0
YE;Yémen;Yemen;0
YT;Mayotte;0
ZA;Afrique du Sud;South Africa;0
ZM;Zambie;Zambia;0
ZW;Zimbabwe;0
